OEMNumber,ProductType,ReferenceNumber,Xerox - SourceWell Eligible Customers,Xerox - SIP Program for Authorized DTP Partners,Xerox - 2024A4GrowthPricing,Xerox - Multiple Dealers / NASPO Eligible Dealers Only,Xerox - Allied Business Solutions / Church of Jesus Christ Of Latter Day Saints - A3,Xerox - Allied Business Solutions / Church of Jesus Christ Of Latter Day Saints - A4,Xerox - Allied Business Solutions / Church of Jesus Christ Of Latter Day Saints - LP,Xerox - SIP Lexmark Program,Xerox - Lexmark CX963/XSE Demo Offering for All AOM Authorized Partners,Xerox - AOM HW Level 7 IR,Xerox - AOM Light Production HW - Level 7
"","","","SME-202209-128567","SME-202302-130036","SME-202404-134158","SME-202508-137685","SME-202601-139216","SME-202601-139216","SME-202601-139216","SME-202604-139737","SME-202605-140126","Xerox - AOM HW Level 7 IR","Xerox - AOM HW Level 7 IR"
"001R00610","OEM Color Laser Maintenance","914791","","138.19","","","","","","","","",""
"001R00613","OEM Mono Laser Maintenance","915431","","24.78","","","","","","","","",""
"001R00623","OEM Color Laser Maintenance","1161994","","33.49","","","","","","","","",""
"006R01159","OEM Toner","800631","","89.09","","","","","","","","",""
"006R01395","OEM Toner","25621","","99.37","","","","","","","","",""
"006R01396","OEM Toner","25622","","138.13","","","","","","","","",""
"006R01458","OEM Toner","100963","","100.19","","","","","","","","",""
"006R01459","OEM Toner","100964","","105.78","","","","","","","","",""
"006R01513","OEM Toner","100951","","57.93","","","","","","","","",""
"006R01514","OEM Toner","100952","","88.81","","","","","","","","",""
"006R01515","OEM Toner","100953","","88.81","","","","","","","","",""
"006R01516","OEM Toner","100954","","88.81","","","","","","","","",""
"006R01525","OEM Toner","916440","","55.72","","","","","","","","",""
"006R01526","OEM Toner","916441","","136.88","","","","","","","","",""
"006R01527","OEM Toner","916442","","136.88","","","","","","","","",""
"006R01528","OEM Toner","916443","","136.88","","","","","","","","",""
"006R01561","OEM Toner","919311","","62.72","","","","","","","","",""
"006R01605","OEM Toner","930301","","66.34","","","","","","","","",""
"006R01655","OEM Toner","938081","","50.28","","","","","","","","",""
"006R01656","OEM Toner","938082","","123.69","","","","","","","","",""
"006R01657","OEM Toner","938083","","123.69","","","","","","","","",""
"006R01658","OEM Toner","938084","","123.69","","","","","","","","",""
"006R01668","OEM Toner","955287","","67.64","","","","","","","","",""
"006R01697","OEM Toner","978154","","54.29","","","","","","","","",""
"006R01698","OEM Toner","978155","","72.31","","","","","","","","",""
"006R01699","OEM Toner","978156","","72.31","","","","","","","","",""
"006R01700","OEM Toner","978157","","72.31","","","","","","","","",""
"006R01734","OEM Toner","1127530","","50.22","","","","","","","","",""
"006R01735","OEM Toner","1127531","","123.54","","","","","","","","",""
"006R01736","OEM Toner","1127532","","123.54","","","","","","","","",""
"006R01737","OEM Toner","1127533","","123.54","","","","","","","","",""
"006R01746","OEM Toner","1161984","","65.40","","","","","","","","",""
"006R01747","OEM Toner","1161985","","90.78","","","","","","","","",""
"006R01748","OEM Toner","1161986","","90.78","","","","","","","","",""
"006R01749","OEM Toner","1161987","","90.78","","","","","","","","",""
"006R01766","OEM Toner","1140325","","66.25","","","","","","","","",""
"006R01771","OEM Toner","1161982","","41.44","","","","","","","","",""
"006R01818","OEM Toner","1267064","","67.70","","","","","","","","",""
"006R01824","OEM Toner","1267065","","65.93","","","","","","","","",""
"006R01825","OEM Toner","1267066","","106.80","","","","","","","","",""
"006R01826","OEM Toner","1267067","","106.80","","","","","","","","",""
"006R01827","OEM Toner","1267068","","106.80","","","","","","","","",""
"006R04364","OEM Toner","1251461","","116.67","","","","","","","","",""
"006R04365","OEM Toner","1251462","","104.59","","","","","","","","",""
"006R04366","OEM Toner","1251463","","104.59","","","","","","","","",""
"006R04367","OEM Toner","1251464","","104.59","","","","","","","","",""
"006R04378","OEM Toner","1241301","","147.27","","","","","","","","",""
"006R04391","OEM Toner","1234088","","","","","","102.35","","","","",""
"006R04624","OEM Toner","1328990","","126.64","","","","","","","","",""
"006R04625","OEM Toner","1328991","","158.76","","","","","","","","",""
"006R04626","OEM Toner","1328992","","158.76","","","","","","","","",""
"006R04627","OEM Toner","1328993","","158.76","","","","","","","","",""
"006R04636","OEM Toner","1322995","","161.58","","","","","","","","",""
"006R04637","OEM Toner","1322996","","211.68","","","","","","","","",""
"006R04638","OEM Toner","1322997","","211.68","","","","","","","","",""
"006R04639","OEM Toner","1322998","","211.68","","","","","","","","",""
"006R04670","OEM Toner","1299827","","125.79","","","","","","","","",""
"006R04685","OEM Toner","1306598","","67.38","","","","","","","","",""
"006R04686","OEM Toner","1306599","","105.23","","","","","","","","",""
"006R04687","OEM Toner","1306600","","105.23","","","","","","","","",""
"006R04688","OEM Toner","1306601","","105.23","","","","","","","","",""
"006R04726","OEM Toner","1306613","","108.14","","","","","","","","",""
"006R04727","OEM Toner","1306614","","137.12","","","","","","","","",""
"006R04828","OEM Toner","1335775","","104.40","","","","","","","","",""
"006R04829","OEM Toner","1335776","","104.40","","","","","","","","",""
"006R04830","OEM Toner","1335777","","104.40","","","","","","","","",""
"006R04831","OEM Toner","1335778","","122.20","","","","","","","","",""
"006R04851","OEM Toner","1342659","","42.84","","","","","","","","",""
"006R04852","OEM Toner","1342661","","172.05","","","","","","","","",""
"006R04853","OEM Toner","1342662","","172.05","","","","","","","","",""
"006R04854","OEM Toner","1342663","","172.05","","","","","","","","",""
"006R05172","OEM Toner","1362476","","","","","","","","148.79","","",""
"006R05173","OEM Toner","1362477","","","","","","","","148.79","","",""
"006R05174","OEM Toner","1362478","","","","","","","","148.79","","",""
"006R05175","OEM Toner","1362479","","","","","","","","53.09","","",""
"006R05184","OEM Toner","1362480","","","","","","","","162.16","","",""
"006R05185","OEM Toner","1362481","","","","","","","","162.16","","",""
"006R05186","OEM Toner","1362482","","","","","","","","162.16","","",""
"006R05187","OEM Toner","1362483","","","","","","","","62.09","","",""
"008R08101","OEM Miscellaneous","1161995","","22.57","","","","","","","","",""
"008R08102","OEM Miscellaneous","1161996","","22.60","","","","","","","","",""
"008R08103","OEM Color Laser Maintenance","1161997","","39.11","","","","","","","","",""
"008R08104","OEM Color Laser Maintenance","1161998","","18.96","","","","","","","","",""
"008R08159","OEM Miscellaneous","1342664","","8.50","","","","","","","","",""
"008R08170","OEM Miscellaneous","1362484","","","","","","","","10.00","","",""
"008R08171","OEM Miscellaneous","1362485","","","","","","","","10.00","","",""
"008R12897","OEM Miscellaneous","915464","","83.07","","","","","","","","",""
"008R12898","Accessories","6443","","70.39","","","","","","","","",""
"008R12912","OEM Miscellaneous","915465","","76.26","","","","","","","","",""
"008R12920","OEM Miscellaneous","915467","","76.12","","","","","","","","",""
"008R12925","OEM Miscellaneous","15085","","102.99","","","","","","","","",""
"008R12941","OEM Miscellaneous","13047","","63.69","","","","","","","","",""
"008R12964","Accessories","14070","","65.13","","","","","","","","",""
"008R12990","OEM Miscellaneous","100190","","6.42","","","","","","","","",""
"008R13036","OEM Miscellaneous","927400","","12.68","","","","","","","","",""
"008R13041","OEM Miscellaneous","915470","","89.45","","","","","","","","",""
"008R13061","OEM Miscellaneous","97772","","15.75","","","","","","","","",""
"008R13064","OEM Color Laser Maintenance","915434","","57.54","","","","","","","","",""
"008R13086","OEM Mono Laser Maintenance","915435","","48.37","","","","","","","","",""
"008R13087","OEM Mono Laser Maintenance","915436","","151.78","","","","","","","","",""
"008R13089","Accessories","910493","","19.37","","","","","","","","",""
"008R13102","OEM Color Laser Maintenance","927358","","203.14","","","","","","","","",""
"008R13177","OEM Miscellaneous","978153","","74.94","","","","","","","","",""
"008R13178","OEM Color Laser Maintenance","930303","","17.34","","","","","","","","",""
"008R13303","OEM Copier Maintenance","1254940","","108.81","","","","","","","","",""
"008R13325","OEM Miscellaneous","1251469","","11.20","","","","","","","","",""
"008R13334","OEM Miscellaneous","1323003","","27.70","","","","","","","","",""
"013R00591","OEM Drum","913537","","157.95","","","","","","","","",""
"013R00650","OEM Drum","927359","","26.77","","","","","","","","",""
"013R00657","OEM Drum","915437","","157.45","","","","","","","","",""
"013R00658","OEM Drum","915438","","157.29","","","","","","","","",""
"013R00659","OEM Drum","915439","","157.29","","","","","","","","",""
"013R00660","OEM Drum","915440","","157.29","","","","","","","","",""
"013R00662","OEM Drum","912322","","164.61","","","","","","","","",""
"013R00663","OEM Drum","927360","","154.81","","","","","","","","",""
"013R00664","OEM Drum","927361","","139.03","","","","","","","","",""
"013R00668","OEM Drum","927404","","252.28","","","","","","","","",""
"013R00675","OEM Drum","978158","","137.66","","","","","","","","",""
"013R00681","OEM Drum","1161988","","214.90","","","","","","","","",""
"013R00684","OEM Drum","1140326","","383.26","","","","","","","","",""
"013R00686","OEM Drum","1161983","","141.16","","","","","","","","",""
"013R00687","OEM Drum","1267069","","144.72","","","","","","","","",""
"013R00688","OEM Drum","1267070","","126.01","","","","","","","","",""
"013R00689","OEM Drum","1251470","","115.28","","","","","","","","",""
"013R00690","OEM Drum","1241307","","60.14","","","","","","","","",""
"013R00692","OEM Drum","1251471","","174.44","","","","","","","","",""
"013R00697","OEM Drum","1323004","","92.91","","","","","","","","",""
"013R00698","OEM Drum","1323005","","252.17","","","","","","","","",""
"013R00699","OEM Drum","1299829","","65.64","","","","","","","","",""
"013R00700","OEM Drum","1306602","","175.85","","","","","","","","",""
"013R00701","OEM Drum","1306603","","263.77","","","","","","","","",""
"013R00702","OEM Drum","1306616","","44.53","","","","","","","","",""
"013R00703","OEM Drum","1342665","","42.86","","","","","","","","",""
"013R00709","OEM Drum","1362488","","","","","","","","10.00","","",""
"013R00710","OEM Drum","1362489","","","","","","","","10.00","","",""
"097N02286","Accessories","1323526","","","","","","","","","","2,436.75",""
"097N02389","Accessories","1323532","11,517.02","","","","","","","","","",""
"097N02410","Accessories","1348975","","","","240.59","","","","","","270.95",""
"097N02441","Accessories","1323006","270.27","","","258.44","","","","","","",""
"097N02442","Accessories","1309129","","","","266.29","","","","","","",""
"097N02443","Accessories","1299830","420.36","","","391.98","","","","","","",""
"097N02444","Accessories","1299831","59.43","","","60.48","","","","","","",""
"097N02445","Accessories","1299832","251.79","","","234.87","","","","","","",""
"097N02446","Accessories","1299833","480.59","","","431.25","","","","","","",""
"097N02447","Accessories","1299834","336.06","","","313.41","","","","","","",""
"097N02464","Accessories","1306592","","","","391.98","","","","","","",""
"097N02465","Accessories","1306590","","","","172.02","","141.63","","","","",""
"097N02466","Accessories","1309130","","","","391.98","","","","","","",""
"097N02467","Accessories","1306610","","","","391.98","","","","","","",""
"097N02468","Accessories","1306591","","","","172.02","","140.99","","","","",""
"097N02469","Accessories","1306609","","","","156.33","","","","","","",""
"097N02470","Accessories","1306611","","","","43.21","","","","","","",""
"097N02495","Accessories","1342611","86.77","","","91.86","","","","","","105.56",""
"097N02498","Accessories","1345143","2,413.52","","","1,945.95","","","","","","2,560.82",""
"097N02530","Accessories","1361198","","","","566.27","","","","","","583.96",""
"097S04167","Accessories","911836","","","","","","","","","","2,032.05",""
"097S04469","Accessories","1361200","","","","94.35","","","","","","92.68",""
"097S04615","Accessories","1323537","562.04","","","412.75","","","","","","650.99",""
"097S04746","Accessories","1323539","878.11","","","1,559.31","","","","","","1,485.06",""
"097S04845","Accessories","1082418","898.10","","","","","","","","","",""
"097S04847","Accessories","1323541","578.32","","","484.82","377.41","","","","","554.05",""
"097S04907","Accessories","997164","","","","472.22","","","","","","488.70",""
"097S04908","Accessories","1323542","911.99","","","1,022.34","","","","","","1,042.10",""
"097S04909","Accessories","1323543","795.62","","","","","","","","","1,219.59",""
"097S04910","Accessories","995653","237.07","","","268.72","","","","","","243.77",""
"097S04952","Accessories","979620","377.39","","","","","","","","","",""
"097S04953","Accessories","979621","377.39","","","","","","","","","",""
"097S04954","Accessories","979622","150.80","","","","","138.53","","","","",""
"097S04969","Accessories","1082419","691.03","","","","","","","","","",""
"097S04971","Accessories","1082421","207.06","","","","","","","","","",""
"097S04974","Accessories","1082422","414.14","","","","","","","","","",""
"097S04994","Accessories","1190637","188.69","","","","","156.51","","","","",""
"097S05007","Accessories","1323546","529.49","","","523.92","","","","","","499.63",""
"097S05010","Accessories","1323547","1,026.90","","","1,016.49","","","","","","1,018.62",""
"097S05011","Accessories","1348787","1,026.90","","","1,016.49","","","","","","1,018.62",""
"097S05019","Accessories","1302860","646.34","","","676.29","","","","","","634.12",""
"097S05020","Accessories","1323549","731.04","","","844.57","","","","","","828.88",""
"097S05112","Accessories","1323562","2,598.33","","","","","","","","","",""
"097S05140","Accessories","1323569","128.56","","","90.05","","","","","","142.78",""
"097S05244","Accessories","1299835","167.50","","","156.33","","","","","","",""
"097S05270","Accessories","1361202","","","","376.71","","","","","","366.98",""
"097S05293","Accessories","1362047","232.69","","","250.66","","","","","","207.11",""
"097S05294","Accessories","1362048","542.95","","","583.93","","","","","","482.48",""
"097S05296","Accessories","1362049","698.07","","","750.78","","","","","","620.33",""
"097S05298","Accessories","1362050","155.13","","","165.99","","","","","","137.15",""
"097S05299","Accessories","1362051","358.84","","","415.67","","","","","","372.13",""
"097S05300","Accessories","1362052","569.29","","","475.88","","","","","","495.54",""
"097S05302","Accessories","1362053","366.33","","","362.47","","","","","","363.91",""
"097S05303","Accessories","1362054","126.56","","","125.23","","","","","","127.09",""
"097S05305","Accessories","1362055","553.52","","","579.67","","","","","","493.73",""
"097S05306","Accessories","1362056","987.03","","","1,081.13","","","","","","935.07",""
"097S05307","Accessories","1362057","2,082.74","","","1,604.55","","","","","","2,052.87",""
"097S05310","Accessories","1362058","1,057.17","","","847.64","","","","","","1,037.61",""
"097S05311","Accessories","1362059","82.71","","","86.62","","","","","","74.04",""
"098S05050","Accessories","1323576","709.53","","","709.15","","","","","","702.07",""
"101R00474","OEM Drum","930620","","51.95","","","","","","","","",""
"101R00554","OEM Drum","975080","","37.57","","","","","","","","",""
"101R00555","OEM Drum","971788","","50.99","","","","","","","","",""
"101R00582","OEM Drum","991277","","43.69","","","","","","","","",""
"101R00602","OEM Drum","1082445","","177.35","","","","","","","","",""
"104R00256","OEM Color Laser Maintenance","1082446","","52.80","","","","","","","","",""
"106R01160","OEM Toner","15080","","361.77","","","","","","","","",""
"106R01161","OEM Toner","15081","","361.77","","","","","","","","",""
"106R01162","OEM Toner","15082","","361.77","","","","","","","","",""
"106R01163","OEM Toner","15079","","140.08","","","","","","","","",""
"106R01217","OEM Toner","90295","","139.13","","","","","","","","",""
"106R01218","OEM Toner","90307","","238.87","","","","","","","","",""
"106R01219","OEM Toner","90308","","238.87","","","","","","","","",""
"106R01220","OEM Toner","90309","","238.87","","","","","","","","",""
"106R01221","OEM Toner","90302","","119.28","","","","","","","","",""
"106R01294","OEM Toner","900778","","116.12","","","","","","","","",""
"106R01317","OEM Toner","7748","","285.42","","","","","","","","",""
"106R01319","OEM Toner","7750","","285.42","","","","","","","","",""
"106R01368","OEM Miscellaneous","7755","","43.44","","","","","","","","",""
"106R01371","OEM Toner","900783","","224.13","","","","","","","","",""
"106R01392","OEM Toner","904782","","172.06","","","","","","","","",""
"106R01393","OEM Toner","904783","","180.73","","","","","","","","",""
"106R01434","OEM Toner","7762","","280.40","","","","","","","","",""
"106R01454","OEM Toner","904788","","102.22","","","","","","","","",""
"106R01503","OEM Toner","502148","","147.50","","","","","","","","",""
"106R01509","OEM Toner","502236","","237.02","","","","","","","","",""
"106R01535","OEM Toner","99899","","280.79","","","","","","","","",""
"106R01564","OEM Toner","502321","","155.41","","","","","","","","",""
"106R01567","OEM Toner","502335","","301.98","","","","","","","","",""
"106R01568","OEM Toner","502372","","301.98","","","","","","","","",""
"106R01569","OEM Toner","502401","","246.18","","","","","","","","",""
"106R01582","OEM Drum","502420","","193.82","","","","","","","","",""
"106R02225","OEM Toner","908818","","138.28","","","","","","","","",""
"106R02226","OEM Toner","908819","","138.28","","","","","","","","",""
"106R02227","OEM Toner","908820","","138.28","","","","","","","","",""
"106R02228","OEM Toner","908821","","75.00","","","","","","","","",""
"106R02241","OEM Toner","908822","","92.70","","","","","","","","",""
"106R02242","OEM Toner","908823","","92.70","","","","","","","","",""
"106R02243","OEM Toner","908824","","92.70","","","","","","","","",""
"106R02244","OEM Toner","908825","","81.07","","","","","","","","",""
"106R02602","OEM Toner","908829","","240.49","","","","","","","","",""
"106R02731","OEM Toner","915007","","138.07","","","","","","","","",""
"106R02738","OEM Toner","930241","","203.77","","","","","","","","",""
"106R02740","OEM Toner","930242","","134.71","","","","","","","","",""
"106R02744","OEM Toner","930243","","118.67","","","","","","","","",""
"106R02745","OEM Toner","930244","","118.67","","","","","","","","",""
"106R02746","OEM Toner","930245","","118.67","","","","","","","","",""
"106R02747","OEM Toner","930246","","87.75","","","","","","","","",""
"106R02756","OEM Toner","937878","","43.62","","","","","","","","",""
"106R02757","OEM Toner","937879","","43.62","","","","","","","","",""
"106R02758","OEM Toner","937880","","43.62","","","","","","","","",""
"106R02759","OEM Toner","937881","","61.81","","","","","","","","",""
"106R02777","OEM Toner","930623","","60.67","","","","","","","","",""
"106R03394","OEM Toner","978160","","61.46","","","","","","","","",""
"106R03480","OEM Toner","973575","","83.93","","","","","","","","",""
"106R03512","OEM Toner","975085","","47.91","","","","","","","","",""
"106R03513","OEM Toner","975086","","93.15","","","","","","","","",""
"106R03514","OEM Toner","975087","","93.15","","","","","","","","",""
"106R03515","OEM Toner","975088","","93.15","","","","","","","","",""
"106R03524","OEM Toner","975089","","68.96","","","","","","","","",""
"106R03525","OEM Toner","975090","","122.81","","","","","","","","",""
"106R03526","OEM Toner","975091","","122.81","","","","","","","","",""
"106R03527","OEM Toner","975092","","122.81","","","","","","","","",""
"106R03584","OEM Toner","975095","","129.07","","","","","","","","",""
"106R03624","OEM Toner","971791","","100.30","","","","","","","","",""
"106R03690","OEM Toner","973576","","85.55","","","","","","","","",""
"106R03691","OEM Toner","973577","","85.55","","","","","","","","",""
"106R03692","OEM Toner","973578","","85.55","","","","","","","","",""
"106R03737","OEM Toner","977999","","47.73","","","","","","","","",""
"106R03738","OEM Toner","978000","","83.06","","","","","","","","",""
"106R03739","OEM Toner","978001","","83.06","","","","","","","","",""
"106R03740","OEM Toner","978002","","83.06","","","","","","","","",""
"106R03757","OEM Toner","978007","","84.39","","","","","","","","",""
"106R03758","OEM Toner","978008","","179.16","","","","","","","","",""
"106R03759","OEM Toner","978009","","179.16","","","","","","","","",""
"106R03760","OEM Toner","978010","","179.16","","","","","","","","",""
"106R03866","OEM Toner","979631","","122.76","","","","","","","","",""
"106R03867","OEM Toner","979632","","122.76","","","","","","","","",""
"106R03868","OEM Toner","979633","","122.76","","","","","","","","",""
"106R03869","OEM Toner","979634","","78.18","","","","","","","","",""
"106R03916","OEM Toner","979643","","165.11","","","","","","","","",""
"106R03917","OEM Toner","979644","","165.11","","","","","","","","",""
"106R03918","OEM Toner","979645","","165.11","","","","","","","","",""
"106R03919","OEM Toner","979646","","78.18","","","","","","","","",""
"106R03928","OEM Toner","979647","","116.57","","","","","","","","",""
"106R03929","OEM Toner","979648","","116.57","","","","","","","","",""
"106R03930","OEM Toner","979649","","116.57","","","","","","","","",""
"106R03931","OEM Toner","979650","","46.40","","","","","","","","",""
"106R03944","OEM Toner","991280","","118.19","","","","","","","","",""
"106R04046","OEM Toner","1082433","","138.02","","","","","","","","",""
"106R04047","OEM Toner","1082434","","138.02","","","","","","","","",""
"106R04048","OEM Toner","1082435","","138.02","","","","","","","","",""
"106R04049","OEM Toner","1082436","","123.58","","","","","","","","",""
"106R04074","OEM Toner","1082441","","291.78","","","","","","","","",""
"106R04075","OEM Toner","1082442","","291.78","","","","","","","","",""
"106R04076","OEM Toner","1082443","","291.78","","","","","","","","",""
"106R04077","OEM Toner","1082444","","212.49","","","","","","","","",""
"108R00493","Accessories","1166","","68.93","","","","","","","","",""
"108R00645","OEM Drum","10542","","266.60","","","","","","","","",""
"108R00723","OEM Solid Ink","90290","","88.55","","","","","","","","",""
"108R00726","OEM Solid Ink","90278","","64.48","","","","","","","","",""
"108R00727","OEM Solid Ink","90277","","88.51","","","","","","","","",""
"108R00774","OEM Drum","7751","","88.93","","","","","","","","",""
"108R00775","OEM Drum","7752","","128.09","","","","","","","","",""
"108R00776","OEM Drum","7753","","128.09","","","","","","","","",""
"108R00777","OEM Drum","7754","","128.09","","","","","","","","",""
"108R00823","OEM Miscellaneous","900781","","27.91","","","","","","","","",""
"108R00829","OEM Solid Ink","901445","","93.97","","","","","","","","",""
"108R00830","OEM Solid Ink","901446","","103.14","","","","","","","","",""
"108R00832","OEM Solid Ink","901448","","300.67","","","","","","","","",""
"108R00950","OEM Solid Ink","93350","","77.14","","","","","","","","",""
"108R00951","OEM Solid Ink","93351","","77.14","","","","","","","","",""
"108R00952","OEM Solid Ink","93352","","77.14","","","","","","","","",""
"108R00953","OEM Solid Ink","93355","","221.46","","","","","","","","",""
"108R00982","OEM Miscellaneous","502422","","38.67","","","","","","","","",""
"108R00990","OEM Solid Ink","906095","","137.74","","","","","","","","",""
"108R00991","OEM Solid Ink","906096","","131.13","","","","","","","","",""
"108R00992","OEM Solid Ink","906097","","137.74","","","","","","","","",""
"108R01016","OEM Solid Ink","906102","","68.10","","","","","","","","",""
"108R01036","OEM Color Laser Maintenance","502412","","64.04","","","","","","","","",""
"108R01053","OEM Color Laser Maintenance","502410","","103.43","","","","","","","","",""
"108R01121","OEM Drum","908834","","110.06","","","","","","","","",""
"108R01122","OEM Mono Laser Maintenance","915443","","185.91","","","","","","","","",""
"108R01124","OEM Miscellaneous","908835","","15.43","","","","","","","","",""
"108R01158","OEM Miscellaneous","930304","","75.28","","","","","","","","",""
"108R01266","OEM Mono Laser Maintenance","930626","","13.95","","","","","","","","",""
"108R01416","OEM Miscellaneous","973579","","15.38","","","","","","","","",""
"108R01417","OEM Drum","973580","","83.18","","","","","","","","",""
"108R01418","OEM Drum","973581","","83.18","","","","","","","","",""
"108R01419","OEM Drum","973582","","83.18","","","","","","","","",""
"108R01420","OEM Drum","973583","","83.18","","","","","","","","",""
"108R01481","OEM Drum","979651","","61.44","","","","","","","","",""
"108R01482","OEM Drum","979652","","61.44","","","","","","","","",""
"108R01483","OEM Drum","979653","","61.44","","","","","","","","",""
"108R01484","OEM Drum","979654","","75.46","","","","","","","","",""
"108R01485","OEM Drum","979655","","62.68","","","","","","","","",""
"108R01486","OEM Drum","979656","","62.68","","","","","","","","",""
"108R01487","OEM Drum","979657","","62.68","","","","","","","","",""
"108R01488","OEM Drum","979658","","26.00","","","","","","","","",""
"108R01490","OEM Color Laser Maintenance","994951","","24.34","","","","","","","","",""
"108R01492","OEM Color Laser Maintenance","979659","","228.99","","","","","","","","",""
"108R01504","OEM Miscellaneous","1082447","","30.73","","","","","","","","",""
"109R00731","OEM Mono Laser Maintenance","6072","","441.02","","","","","","","","",""
"109R00754","OEM Miscellaneous","10964","","41.03","","","","","","","","",""
"109R00773","OEM Mono Laser Maintenance","925743","","194.37","","","","","","","","",""
"109R00847","OEM Color Laser Maintenance","930299","","132.76","","","","","","","","",""
"109R00850","OEM Mono Laser Maintenance","978161","","132.82","","","","","","","","",""
"113R00670","OEM Drum","6071","","157.43","","","","","","","","",""
"113R00674","OEM Drum","915477","","200.69","","","","","","","","",""
"113R00723","OEM Toner","90267","","203.15","","","","","","","","",""
"113R00724","OEM Toner","90268","","203.15","","","","","","","","",""
"113R00726","OEM Toner","90266","","156.31","","","","","","","","",""
"113R00755","OEM Drum","903137","","346.37","","","","","","","","",""
"113R00762","OEM Drum","99905","","190.03","","","","","","","","",""
"113R00773","OEM Drum","915024","","61.10","","","","","","","","",""
"113R00779","OEM Drum","978162","","144.37","","","","","","","","",""
"113R00780","OEM Drum","978015","","131.93","","","","","","","","",""
"113R00782","OEM Drum","978016","","195.66","","","","","","","","",""
"115R00049","OEM Color Laser Maintenance","15084","","261.76","","","","","","","","",""
"115R00059","OEM Color Laser Maintenance","7757","","212.40","","","","","","","","",""
"115R00069","OEM Mono Laser Maintenance","99906","","139.40","","","","","","","","",""
"115R00073","OEM Color Laser Maintenance","502439","","445.84","","","","","","","","",""
"115R00076","OEM Mono Laser Maintenance","915445","","140.59","","","","","","","","",""
"115R00084","OEM Mono Laser Maintenance","915025","","231.27","","","","","","","","",""
"115R00086","OEM Mono Laser Maintenance","930629","","139.63","","","","","","","","",""
"115R00088","OEM Color Laser Maintenance","930247","","176.54","","","","","","","","",""
"115R00114","OEM Mono Laser Maintenance","978163","","250.97","","","","","","","","",""
"115R00116","OEM Mono Laser Maintenance","978164","","59.15","","","","","","","","",""
"115R00119","OEM Mono Laser Maintenance","975096","","280.13","","","","","","","","",""
"115R00126","OEM Color Laser Maintenance","978017","","73.45","","","","","","","","",""
"115R00127","OEM Color Laser Maintenance","978018","","193.62","","","","","","","","",""
"115R00128","OEM Miscellaneous","978019","","30.57","","","","","","","","",""
"115R00129","OEM Miscellaneous","978020","","18.38","","","","","","","","",""
"115R00133","OEM Color Laser Maintenance","979660","","183.06","","","","","","","","",""
"115R00135","OEM Color Laser Maintenance","979661","","157.69","","","","","","","","",""
"115R00137","OEM Color Laser Maintenance","978021","","183.47","","","","","","","","",""
"115R00139","OEM Mono Laser Maintenance","994954","","172.95","","","","","","","","",""
"115R00159","OEM Color Laser Maintenance","1323007","","372.16","","","","","","","","",""
"115R00163","OEM Mono Laser Maintenance","1299836","","180.93","","","","","","","","",""
"116R00003","OEM Mono Laser Maintenance","915026","","12.86","","","","","","","","",""
"116R00010","OEM Color Laser Maintenance","994952","","16.65","","","","","","","","",""
"116R00015","OEM Mono Laser Maintenance","1082448","","50.87","","","","","","","","",""
"116R00016","OEM Color Laser Maintenance","1082464","","9.81","","","","","","","","",""
"116R00017","OEM Color Laser Maintenance","1082465","","18.39","","","","","","","","",""
"116R00018","OEM Toner","993278","","122.54","","","","","","","","",""
"116R00019","OEM Toner","993279","","122.54","","","","","","","","",""
"116R00034","OEM Mono Laser Maintenance","1299837","","51.13","","","","","","","","",""
"116R00035","OEM Mono Laser Maintenance","1299838","","13.39","","","","","","","","",""
"116R00036","OEM Mono Laser Maintenance","1299839","","13.39","","","","","","","","",""
"116R00037","OEM Mono Laser Maintenance","1299840","","13.39","","","","","","","","",""
"116R00038","OEM Color Laser Maintenance","1323008","","22.10","","","","","","","","",""
"116R00039","OEM Color Laser Maintenance","1309131","","62.21","","","","","","","","",""
"126K32220","OEM Color Laser Maintenance","502265","","172.40","","","","","","","","",""
"300N03923","Accessories","1342637","6,232.90","","","5,847.75","","","","","","6,173.79",""
"300N03925","Accessories","1342638","2,908.69","","","2,500.87","","","","","","2,881.10",""
"300N03926","Accessories","1342639","4,238.37","","","3,644.14","","","","","","4,198.18",""
"300N03927","Accessories","1342640","2,659.37","","","2,286.52","","","","","","2,634.16",""
"300S01843","Accessories","1342641","1,910.40","","","1,633.34","","","","","","1,888.62",""
"300S01844","Accessories","1342642","2,573.03","","","2,141.55","","","","","","2,543.35",""
"301N79930","Accessories","1349064","","","","3,310.78","","","","","","3,459.78",""
"304S00214","Accessories","1331940","276.39","","","253.81","","","","","","364.59",""
"304S00215","Accessories","1331941","276.39","","","253.81","","","","","","364.59",""
"304S00216","Accessories","1331942","314.00","","","255.57","","","","","","369.83",""
"304S00217","Accessories","1331943","559.28","","","514.27","","","","","","652.59",""
"304S00220","Accessories","1331944","559.28","","","514.27","","","","","","652.59",""
"304S00221","Accessories","1331945","314.00","","","255.57","","","","","","369.83",""
"304S00238","Solutions","1337768","68.09","","","63.01","","","","","","68.49",""
"304S00239","Solutions","1337767","323.94","","","249.89","","","","","","378.59",""
"304S00252","Solutions","1337615","93.62","","","52.63","105.36","","","","","105.37",""
"304S00253","Solutions","1337614","432.98","","","152.51","605.90","","","","","666.49",""
"304S00255","Solutions","1337613","1,170.21","","","421.05","1,422.55","","","","","1,564.81",""
"304S00273","Solutions","1337610","531.91","","","368.42","405.69","","","","","869.34",""
"304S00274","Solutions","1337611","797.87","","","495.72","1,389.72","","","","","1,528.69",""
"304S00276","Solutions","1337612","1,377.34","","","526.32","2,002.11","","","","","2,202.32",""
"304S00282","Solutions","1342602","","","","","","","","","","","98.19"
"304S00283","Solutions","1342604","","","","","","","","","","","1,202.84"
"304S00284","Solutions","1342606","","","","","","","","","","","1,644.71"
"304S00285","Solutions","1342603","56.99","","","26.32","","","97.67","","","","98.19"
"304S00286","Solutions","1342605","1,267.36","","","1,577.89","","","1,266.15","","","","1,202.84"
"304S00287","Solutions","1342615","1,752.33","","","2,104.21","","","1,731.27","","","","1,644.71"
"304S00291","Accessories","1342616","489.36","","","430.67","","","","","","621.60",""
"304S00293","Accessories","1342617","202.13","","","180.45","","","","","","228.05",""
"304S00294","Solutions","1351317","25.91","","","26.32","","","","","","","49.10"
"304S00295","Solutions","1351318","77.72","","","83.16","","","","","","","78.55"
"304S00296","Solutions","1351319","3,471.50","","","631.33","","","","","","","3,785.27"
"304S00297","Solutions","1351320","7,253.89","","","9,530.53","","","","","","","8,891.21"
"304S00303","Solutions","1351321","585.49","","","","","","","","","","589.15"
"304S00304","Solutions","1351322","1,364.77","","","","","","","","","","1,355.04"
"304S00313","Accessories","1361204","","","","221.05","","","","","","215.76",""
"304S00314","Accessories","1361206","","","","110.37","","","","","","108.24",""
"304S00315","Accessories","1361208","","","","295.33","","","","","","296.69",""
"304S00316","Solutions","1361404","","","","","","","","","","153.32","150.39"
"304S00319","Solutions","1361406","","","","156.84","","","","","","153.32","150.39"
"320S00290","Accessories","917715","192.82","","","153.62","","","","","","255.80",""
"320S00665","Accessories","917718","314.00","","","","","","","","","369.83",""
"320S01058","Solutions","973250","392.24","","","388.12","","","","","","",""
"320S01426","Accessories","1361210","","","","987.75","","","","","","960.59",""
"321K12890","Accessories","1323595","","","","","","","","","","69.53",""
"497K02520","Accessories","1323598","267.00","","","","","","","","","",""
"497K05270","Accessories","1323601","","","","","","","","","","1.07",""
"497K06860","Accessories","1348976","","","","502.93","","","","","","504.51",""
"497K09130","Accessories","1323607","546.40","","","610.58","","","","","","584.04",""
"497K10920","Accessories","1323608","","","","","","","","","","1.07",""
"497K13630","Accessories","917882","","","","","","138.17","","","","",""
"497K13660","Accessories","917878","","","","","","150.92","","","","",""
"497K14310","Accessories","1348977","","","","110.07","","","","","","111.24",""
"497K14870","Accessories","1348978","","","","213.09","","","","","","221.75",""
"497K16620","Accessories","1299841","200.03","","","172.38","","","","","","215.91",""
"497K16710","Accessories","1323611","166.91","","","407.57","435.19","","","","","423.06",""
"497K16920","Accessories","1331627","","","","","","","","","","302.02",""
"497K17190","Accessories","1348788","","","","184.16","","","","","","176.27",""
"497K17720","Accessories","1323613","235.47","","","172.78","","","","","","243.46",""
"497K17740","Accessories","1331628","","","","314.81","","","","","","325.44",""
"497K17750","Accessories","1323614","470.51","","","344.86","","","","","","406.45",""
"497K17760","Accessories","1331946","984.56","","","722.45","","","","","","1,016.36",""
"497K17800","Accessories","1323615","79.02","","","69.99","","","","","","81.35",""
"497K17880","Accessories","1082423","217.22","","","194.18","","","","","","262.60",""
"497K18121","Accessories","1187709","199.66","","","175.02","","","","","","222.89",""
"497K18170","Accessories","1323616","","","","","","","","","","243.27",""
"497K18360","Accessories","979703","150.80","","","","","","","","","",""
"497K19162","Accessories","1348979","","","","465.17","","","","","","527.44",""
"497K19230","Accessories","1342653","2,673.95","","","2,017.91","","","","","","2,895.89",""
"497K19250","Accessories","1342654","7,491.73","","","6,851.80","7,365.06","","","","","7,403.41",""
"497K19350","Accessories","1349020","","","","301.34","","","","","","302.71",""
"497K19370","Accessories","1323435","2,494.50","","","2,329.45","","","","","","",""
"497K19380","Accessories","1349021","","","","1,630.60","","","","","","1,801.07",""
"497K19580","Accessories","1331630","95.95","","","","","","","","","",""
"497K19590","Accessories","1331631","95.95","","","","","","","","","",""
"497K19700","Accessories","1331632","187.68","","","","","","","","","",""
"497K19870","Accessories","1323620","851.69","","","895.41","","","","","","853.20",""
"497K19880","Accessories","1323621","330.73","","","346.95","324.73","","","","","331.20",""
"497K20070","Accessories","1362520","","","","","","","","","","403.37",""
"497K20120","Accessories","1342655","15,304.91","","","14,840.35","14,339.85","","","","","14,413.98",""
"497K20250","Accessories","1323623","79.17","","","","","","","","","",""
"497K20410","Accessories","1323626","250.53","","","205.79","","","","","","237.26",""
"497K20450","Accessories","1348789","712.59","","","585.18","","","","","","705.09",""
"497K20480","Accessories","1323630","106.03","","","110.06","","","","","","105.75",""
"497K20510","Accessories","1348790","1,750.35","","","1,732.03","","","","","","1,649.44",""
"497K20590","Accessories","1323633","585.81","","","613.59","","","","","","598.15",""
"497K20600","Accessories","1323634","183.68","","","159.78","135.67","","","","","180.03",""
"497K20630","Accessories","1323635","324.30","","","343.66","","","","","","",""
"497K21000","Accessories","1082427","2,281.38","","","","","","","","","",""
"497K21490","Accessories","1349022","","","","242.81","","","","","","302.71",""
"497K21650","Accessories","1323640","101.74","","","42.91","","","","","","104.11",""
"497K21730","Accessories","1323439","2,958.60","","","","","","","","","",""
"497K21760","Accessories","1365925","8,450.09","","","","","","","","","",""
"497K21770","Accessories","1342656","3,935.82","","","4,118.40","5,659.28","","","","","5,552.41",""
"497K21780","Accessories","1342657","5,489.72","","","5,119.16","7,344.16","","","","","7,383.11",""
"497K21920","Accessories","1323644","335.20","","","","","","","","","",""
"497K22200","Accessories","1331633","231.39","","","198.45","","","","","","",""
"497K22240","Accessories","1348865","1,778.85","","","1,963.77","","","","","","1,992.24",""
"497K22250","Accessories","1348866","4,717.40","","","3,668.41","","","","","","5,425.77",""
"497K22260","Accessories","1345363","6,794.72","","","5,117.19","","","","","","7,256.47",""
"497K22270","Accessories","1348867","8,315.61","","","8,228.07","","","","","","7,831.99",""
"497K22280","Accessories","1348868","7,963.68","","","7,655.31","","","","","","",""
"497K22290","Accessories","1348869","498.16","","","488.05","","","","","","492.93",""
"497K22310","Accessories","1348870","290.69","","","285.18","","","","","","287.80",""
"497K22320","Accessories","1348871","2,509.94","","","3,613.92","","","","","","3,609.82",""
"497K22360","Accessories","1348873","331.76","","","278.79","","","","","","329.09",""
"497K22370","Accessories","1348874","1,316.74","","","1,320.27","","","","","","1,406.21",""
"497K22380","Accessories","1331635","222.59","","","198.45","","","","","","218.91",""
"497K22450","Accessories","1342643","","","","242.14","","","","","","231.45",""
"497K22460","Accessories","1323645","167.54","","","175.05","","","","","","171.96",""
"497K22500","Accessories","1348980","","","","","","","","","","1,704.55",""
"497K22510","Accessories","1331978","1,071.05","","","1,169.04","","","","","","1,186.60",""
"497K22520","Accessories","1331979","2,203.37","","","1,728.68","","","","","","2,318.67",""
"497K22560","Accessories","1331980","1,929.99","","","1,811.97","","","","","","1,895.93",""
"497K22670","Accessories","1323440","442.14","","","309.86","286.46","","","","","430.26",""
"497K22680","Accessories","1323647","1,027.83","","","718.80","","","","","","1,039.55",""
"497K22720","Accessories","1348981","","","","1,840.71","","","","","","1,843.70",""
"497K22930","Accessories","1349023","","","","6,851.80","","","","","","7,556.85",""
"497K22940","Accessories","1349024","","","","14,840.35","","","","","","15,160.82",""
"497K22950","Accessories","1349025","","","","","","","","","","1,607.62",""
"497K22970","Accessories","1349026","","","","5,667.35","","","","","","5,674.37",""
"497K22990","Accessories","1349027","","","","9,156.84","","","","","","9,167.54",""
"497K23000","Accessories","1349028","","","","11,845.06","","","","","","11,858.60",""
"497K23010","Accessories","1349029","","","","5,851.58","","","","","","5,858.80",""
"497K23020","Accessories","1349030","","","","6,456.28","","","","","","6,464.14",""
"497K23030","Accessories","1349031","","","","3,928.04","","","","","","3,933.23",""
"497K23060","Accessories","1349032","","","","5,617.66","","","","","","5,624.64",""
"497K23140","Accessories","1331981","630.94","","","698.98","","","","","","641.15",""
"497K23170","Accessories","1349033","","","","","","","","","","2,962.89",""
"497K23230","Accessories","1349034","","","","7,908.32","","","","","","",""
"497K23470","Accessories","1323648","42.53","","","41.47","","","","","","44.74",""
"497K23610","Accessories","1331948","315.30","","","318.33","","","","","","327.44",""
"497K23750","Accessories","1349035","","","","2,037.40","","","","","","2,181.60",""
"497K23760","Accessories","1331982","258.56","","","188.16","","","","","","256.12",""
"497K24120","Accessories","1349036","","","","1,137.57","","","","","","1,139.82",""
"497K24130","Accessories","1349037","","","","4,071.01","","","","","","4,402.79",""
"497K24140","Accessories","1349038","","","","6,066.24","","","","","","7,101.44",""
"497K24160","Accessories","1349039","","","","9,150.32","","","","","","9,161.01",""
"497K24170","Accessories","1349040","","","","15,529.83","","","","","","15,547.25",""
"497K24200","Accessories","1342658","9,708.41","","","10,009.61","","","","","","10,021.21",""
"497K24210","Accessories","1349041","","","","5,060.57","","","","","","6,309.07",""
"497K24220","Accessories","1349042","","","","8,358.79","","","","","","8,368.65",""
"497K24230","Accessories","1349043","","","","14,688.62","","","","","","14,705.15",""
"497K24350","Accessories","1348791","4,402.33","","","4,685.22","","","","","","5,565.42",""
"497K24370","Accessories","1323651","123.69","","","","","","","","","126.21",""
"497K24460","Accessories","1299842","34.57","","","31.43","","","","","","",""
"497K24470","Accessories","1309132","","","","23.57","","","","","","",""
"497K24520","Accessories","1323652","260.99","","","208.98","","","","","","273.23",""
"497K24570","Accessories","1349044","","","","9,695.97","","","","","","9,998.77",""
"497K24900","Accessories","1348875","6,992.43","","","7,184.33","","","","","","6,838.62",""
"497K25190","Accessories","1337774","139.31","","","103.25","","","","","","139.04",""
"497K25200","Accessories","1364240","","","","","","","","","","382.19",""
"497K25310","Accessories","1337775","335.20","","","318.69","","","","","","",""
"497K25620","Accessories","1346475","","","","378.23","","","","","","","372.42"
"497K25630","Accessories","1342644","565.36","","","496.60","","","","","","572.11",""
"497K25640","Accessories","1342645","1,572.04","","","1,486.73","","","","","","1,743.91",""
"497K25650","Accessories","1342647","2,561.70","","","2,252.88","","","","","","3,050.58",""
"497K25660","Accessories","1342648","2,672.36","","","3,632.98","3,439.43","","","","","3,458.65",""
"497K25670","Accessories","1342649","4,765.82","","","","","","","","","5,694.78",""
"497K25680","Accessories","1342650","1,988.67","","","1,958.66","","","","","","1,921.64",""
"497K25900","Accessories","1350788","","","","","","","","","","","5,757.83"
"497K25910","Accessories","1350789","","","","","","","","","","","14,963.86"
"497K25940","Accessories","1361212","","","","403.32","","","","","","407.46",""
"497K25950","Accessories","1348455","5,094.54","","","5,203.33","","","","","","6,024.37","5,909.18"
"497K26020","Accessories","1350790","","","","","","","","","","","13,509.01"
"497K26230","Accessories","1364241","1.05","","","1.04","","","","","","",""
"497K26240","Accessories","1362072","432.19","","","300.02","","","","","","382.19",""
"497K26250","Accessories","1362073","329.79","","","313.34","","","","","","357.87",""
"497K26260","Accessories","1362074","157.01","","","155.36","","","","","","156.58",""
"497K26270","Accessories","1362075","200.74","","","198.63","","","","","","199.97",""
"497K26280","Accessories","1362076","45.20","","","44.73","","","","","","45.83",""
"497K26290","Accessories","1362077","196.16","","","171.56","","","","","","199.47",""
"497K26310","Accessories","1362078","171.65","","","150.12","","","","","","174.54",""
"497K26320","Accessories","1362079","196.16","","","171.56","","","","","","199.47",""
"497K26330","Accessories","1362080","196.16","","","171.56","","","","","","199.47",""
"497K26520","Accessories","1361214","","","","1,649.15","","","","","","1,603.11",""
"497K26530","Accessories","1361216","","","","1,649.15","","","","","","1,603.11",""
"497K26540","Accessories","1361218","","","","1,649.15","","","","","","1,603.11",""
"497K26550","Accessories","1361220","","","","5,286.87","","","","","","5,137.04",""
"497K26560","Accessories","1361222","","","","11,904.21","","","","","","11,565.55",""
"497K26570","Accessories","1361224","","","","1,952.63","","","","","","1,897.93",""
"497K26580","Accessories","1361226","","","","13,860.08","","","","","","15,119.75",""
"497K26590","Accessories","1361228","","","","6,520.23","","","","","","7,112.81",""
"497K26600","Accessories","1361229","","","","11,260.11","","","","","","11,273.02",""
"497K26610","Accessories","1361231","","","","15,663.73","","","","","","15,681.29",""
"497K26620","Accessories","1361233","","","","9,224.88","","","","","","9,235.66",""
"497K26630","Accessories","1361235","","","","7,250.54","","","","","","7,044.67",""
"497K26640","Accessories","1361237","","","","6,067.34","","","","","","6,963.98",""
"497K26650","Accessories","1361239","","","","4,072.11","","","","","","4,345.09",""
"497K26660","Accessories","1361241","","","","1,298.01","","","","","","1,261.99",""
"497K26670","Accessories","1361243","","","","729.23","","","","","","752.00",""
"497K26680","Accessories","1361245","","","","6,515.61","","","","","","6,523.53",""
"497K26690","Accessories","1361247","","","","3,987.38","","","","","","3,874.63",""
"497K26700","Accessories","1361249","","","","5,910.91","","","","","","5,743.27",""
"497K26710","Accessories","1361251","","","","7,936.78","","","","","","7,711.33",""
"497K26720","Accessories","1361253","","","","277.83","","","","","","279.18",""
"497K27000","Accessories","1361255","","","","5,726.67","","","","","","5,733.76",""
"497K27010","Accessories","1361257","","","","","","","","","","529.35",""
"497K27020","Accessories","1361259","","","","","","","","","","6,180.24",""
"497K27030","Accessories","1361261","","","","","","","","","","5,684.04",""
"497K27040","Accessories","1361263","","","","","","","","","","6,451.61",""
"497K27050","Accessories","1361265","","","","","","","","","","8,428.04",""
"497K27060","Accessories","1361267","","","","","","","","","","14,823.94",""
"497K27070","Accessories","1361269","","","","","","","","","","5,928.09",""
"497K27080","Accessories","1361271","","","","","","","","","","2,096.39",""
"497K27090","Accessories","1361273","","","","","","","","","","1,849.75",""
"497K27100","Accessories","1361275","","","","","","","","","","1,849.75",""
"497N01224","Accessories","1331951","450.38","","","394.72","","","","","","447.98",""
"497N02107","Accessories","1323653","10,360.54","","","","","","","","","",""
"497N02659","Accessories","1348792","2,189.36","","","1,858.24","","","","","","2,168.97",""
"497N02727","Accessories","1323654","709.64","","","693.02","","","","","","745.48",""
"497N04238","Accessories","1323655","1,822.94","","","1,334.51","","","","","","1,715.24",""
"497N04827","Accessories","1348984","","","","","","","","","","843.33",""
"497N04849","Accessories","1323656","2,853.37","","","2,850.81","2,782.77","","","","","2,820.35",""
"497N05469","Accessories","1323657","657.36","","","577.63","","","","","","738.09",""
"497N06007","Accessories","1323658","2,069.97","","","1,779.91","","","","","","1,950.34",""
"497N06009","Accessories","1348793","1,730.91","","","1,600.77","","","","","","1,631.04",""
"497N06629","Accessories","1348985","","","","1,854.68","","","","","","2,312.26",""
"497N07165","Accessories","1323659","","","","1,069.05","","","","","","1,057.63",""
"497N07166","Accessories","1323660","1,948.64","","","1,819.39","","","","","","1,926.41",""
"497N07254","Accessories","1348986","","","","3,268.17","","","","","","4,074.46",""
"497N07276","Accessories","1348794","","","","1,420.43","","","","","","1,621.43",""
"497N07968","Accessories","1241309","","","","169.93","","","","","","",""
"497N07994","Accessories","1332999","","","","195.59","","","","","","",""
"497N07995","Accessories","1251456","","","","203.47","","143.87","","","","",""
"497N08408","Accessories","1348987","","","","1,054.22","","","","","","1,058.34",""
"497N08801","Accessories","1348988","2,991.79","","","2,500.15","","","","","","3,116.97",""
"497N09079","Accessories","1342646","2,326.95","","","1,944.56","","","","","","2,304.89",""
"497N09137","Accessories","1361277","","","","","","","","","","1,182.27",""
"497N09202","Accessories","1342618","497.10","","","488.05","","","","","","492.93",""
"497N09215","Accessories","1348795","3,324.01","","","","","","","","","3,292.59",""
"497N09247","Accessories","1342620","1,133.48","","","1,217.39","","","","","","1,184.15",""
"497N09248","Accessories","1342621","3,534.53","","","3,192.12","","","","","","3,624.38",""
"497N09504","Accessories","1361279","","","","3,177.67","","","","","","3,276.91",""
"498K14141","Accessories","1323662","130.35","","","122.41","","","","","","142.78",""
"498K17820","Accessories","1348796","","","","1.06","","","","","","1.07",""
"675K47673","OEM Color Laser Maintenance","916597","","62.72","","","","","","","","",""
"ADAPCMYKANALYST","Service Plan","1348989","","","","","","","","","","596.42",""
"B225/DNI","Mono Laser","1264006","","","","262.03","","218.35","","","","",""
"B230/DNI","Mono Laser","1241310","","","","","","145.29","","","","",""
"B235/DNI","Mono Laser","1244527","","","","","","228.69","","","","",""
"B305/DNI","Mono Laser","1255587","","","","436.66","","","","","","",""
"B310/DNI","Mono Laser","1241311","","","","366.65","","271.71","","","","",""
"B315/DNI","Mono Laser","1255588","","","","480.51","","395.54","","","","",""
"B410/DN","Mono Laser","1306608","","","643.83","783.25","","610.69","","","","",""
"B415/DN","Mono Laser","1309133","","","992.14","1,194.51","","858.68","","","","",""
"B620/DN","Mono Laser","1332001","","","801.71","977.69","","823.20","","","","",""
"B625/DN","Mono Laser","1299843","1,843.45","","1,905.37","2,338.15","","1,586.36","","","","",""
"B7125/ENGD2","Mono Laser","1332280","","","","1,589.46","","","","","","2,443.76",""
"B7125/ENGH2","Mono Laser","1332281","2,169.85","","","2,448.16","","","","","","3,316.56",""
"B7125/ENGS2","Mono Laser","1332282","2,028.16","","","2,223.78","","","","","","2,945.97",""
"B7125ENGD2_304S00207","Solutions","1332414","106.37","","","26.32","","","","","","115.91",""
"B7125ENGH2_304S00207","Solutions","1332416","106.37","","","26.32","","","","","","115.91",""
"B7125ENGS2_304S00207","Solutions","1332415","106.37","","","26.32","","","","","","115.91",""
"B7130/ENGD2","Mono Laser","1332283","","","","1,589.46","","","","","","2,443.76",""
"B7130/ENGH2","Mono Laser","1332247","2,169.85","","","2,448.16","","","","","","3,316.56",""
"B7130/ENGS2","Mono Laser","1332284","2,028.16","","","2,223.78","","","","","","2,945.97",""
"B7130ENGD2_304S00205","Solutions","1332411","382.98","","","100.00","","","","","","625.92",""
"B7130ENGH2_304S00205","Solutions","1332413","382.98","","","100.00","","","","","","625.92",""
"B7130ENGS2_304S00205","Solutions","1332412","382.98","","","100.00","","","","","","625.92",""
"B7135/ENGD2","Mono Laser","1332285","","","","1,589.46","","","","","","2,443.76",""
"B7135/ENGH2","Mono Laser","1332286","2,169.85","","","2,448.16","","","","","","3,316.56",""
"B7135/ENGS2","Mono Laser","1332287","2,028.16","","","2,223.78","","","","","","2,945.97",""
"B7135ENGD2_304S00202","Solutions","1332408","659.57","","","460.00","","","","","","1,040.89",""
"B7135ENGH2_304S00202","Solutions","1332410","659.57","","","460.00","","","","","","1,040.89",""
"B7135ENGS2_304S00202","Solutions","1332409","659.57","","","460.00","","","","","","1,040.89",""
"B8245/ENGH2","Mono Laser","1337565","4,972.15","","","4,617.94","4,501.07","","","","","4,942.77",""
"B8255/ENGH2","Mono Laser","1337564","4,972.16","","","4,617.94","4,509.83","","","","","4,996.53",""
"B8270/ENGH2","Mono Laser","1337563","6,127.14","","","4,986.84","4,211.63","","","","","4,754.60",""
"B9100/ENG","Mono Laser","1350791","10,225.87","","","10,175.55","","","","","","","11,168.64"
"B9110/ENG","Mono Laser","1350792","14,211.08","","","10,613.16","","","","","","","14,209.02"
"B9125/ENG","Mono Laser","1350793","14,211.08","","","10,613.16","","","","","","","14,209.02"
"B9136/ENG","Mono Laser","1350794","14,211.08","","","10,613.16","","","","","","","14,209.02"
"B91FIERY","Accessories","1348876","7,465.67","","","6,301.67","","","","","","7,031.85",""
"C230/DNI","Color Laser","1234079","","","","","","320.58","","","","",""
"C235/DNI","Color Laser","1234081","","","","507.43","","339.09","","","","",""
"C320/DNI","Color Laser","1341964","","","","","","472.20","","","","",""
"C325/DNI","Color Laser","1335770","","","","","","552.71","","","","",""
"C410/DN","Color Laser","1306593","","","599.81","698.98","","577.35","","","","",""
"C415/DN","Color Laser","1309134","","","891.35","1,194.51","","978.72","","","","",""
"C620/DN","Color Laser","1328988","","","770.82","961.81","","828.93","","","","",""
"C625/DN","Color Laser","1323010","2,031.95","","2,006.73","2,493.93","","1,971.08","","","","",""
"C7000/DN","Color Laser","978022","","","","1,614.24","","1,455.53","","","","",""
"C7120/ENGD2","Color Laser","1332291","","","","1,938.45","","","","","","2,218.02",""
"C7120/ENGS2","Color Laser","1332292","2,235.95","","","2,306.36","","","","","","2,826.46",""
"C7120/ENGT2","Color Laser","1332293","2,491.30","","","2,431.74","","","","","","3,263.84",""
"C7120ENGD2_304S00211","Solutions","1332421","106.37","","","26.32","","","","","","115.91",""
"C7120ENGS2_304S00211","Solutions","1332420","106.37","","","26.32","","","","","","115.91",""
"C7120ENGT2_304S00211","Solutions","1332422","106.37","","","26.32","","","","","","115.91",""
"C7125/ENGD2","Color Laser","1332294","1,797.39","","","1,938.45","","","","","","2,218.02",""
"C7125/ENGS2","Color Laser","1332295","2,235.95","","","2,306.36","","","","","","2,826.46",""
"C7125/ENGT2","Color Laser","1332296","2,491.30","","","2,431.74","","","","","","3,263.84",""
"C7125ENGD2_304S00212","Solutions","1332424","382.98","","","131.58","","","","","","625.92",""
"C7125ENGS2_304S00212","Solutions","1332423","382.98","","","131.58","","","","","","625.92",""
"C7125ENGT2_304S00212","Solutions","1332425","382.98","","","131.58","","","","","","625.92",""
"C7130/ENGD2","Color Laser","1332297","1,797.39","","","1,938.45","","","","","","2,218.02",""
"C7130/ENGS2","Color Laser","1332298","2,235.95","","","2,306.36","1,701.78","","","","","2,826.46",""
"C7130/ENGT2","Color Laser","1332299","2,491.30","","","2,431.74","","","","","","3,263.84",""
"C7130ENGD2_304S00210","Solutions","1332418","659.57","","","328.42","975.76","","","","","1,073.34",""
"C7130ENGS2_304S00210","Solutions","1332417","659.57","","","328.42","975.76","","","","","1,073.34",""
"C7130ENGT2_304S00210","Solutions","1332419","659.57","","","328.42","975.76","","","","","1,073.34",""
"C8230/ENGH2","Color Laser","1337560","4,880.08","","","4,152.69","","","","","","5,327.79",""
"C8230/ENGT2","Color Laser","1337559","4,766.86","","","4,048.02","3,562.54","","","","","4,774.84",""
"C8230ENGH2_304S00270","Solutions","1337601","43.62","","","26.32","158.05","","","","","158.06",""
"C8230ENGT2_304S00270","Solutions","1337600","43.62","","","26.32","158.05","","","","","158.06",""
"C8235/ENGH2","Color Laser","1337558","4,880.07","","","4,152.69","3,793.01","","","","","5,352.86",""
"C8235/ENGT2","Color Laser","1337557","4,766.87","","","4,048.02","","","","","","5,134.89",""
"C8235ENGH2_304S00271","Solutions","1337609","637.23","","","136.84","289.78","","","","","521.60",""
"C8235ENGT2_304S00271","Solutions","1337608","637.23","","","136.84","289.78","","","","","521.60",""
"C8245/ENGH2","Color Laser","1337556","5,135.80","","","4,371.82","3,803.95","","","","","5,534.05",""
"C8255/ENGH2","Color Laser","1337555","5,295.37","","","4,371.82","3,991.73","","","","","5,534.05",""
"C8270/ENGH2","Color Laser","1337554","6,301.30","","","5,010.33","4,962.12","","","","","6,368.63",""
"C9265/ENG","Color Laser","1342630","","","","","","","","","","","8,377.62"
"C9265/ENG2","Color Laser","1342631","9,223.52","","","8,980.79","","","8,811.06","","","","8,377.62"
"C9275/ENG","Color Laser","1342632","","","","","","","","","","","8,377.62"
"C9275/ENG2","Color Laser","1342633","9,223.52","","","8,980.79","","","8,811.06","","","","8,377.62"
"C9281/ENG","Color Laser","1342634","","","","","","","","","","","8,377.62"
"C9281/ENG2","Color Laser","1342635","9,223.52","","","8,980.79","","","8,811.06","","","","8,377.62"
"CLRPROTRN","Service Plan","1348990","","","","","","","","","","802.85",""
"CPSMEDTRN","Service Plan","1361860","","","","","","","","","","842.99",""
"CS963/E","Color Laser","1364242","4,214.89","","","4,170.53","","","","","","",""
"CX833/SE","Color Laser","1364243","5,206.38","","","","","","","","","",""
"CX950/CSE","Color Laser","1362081","2,635.06","","","2,453.91","","","","","","3,320.97",""
"CX950/SE","Color Laser","1362082","2,196.50","","","2,085.99","","","","","","2,794.19",""
"CX951/SE","Color Laser","1362083","","","","2,704.03","","","","","","3,765.25",""
"CX951/TSE","Color Laser","1362084","3,740.53","","","3,279.25","","","","","","4,467.39",""
"CX952/SE","Color Laser","1365933","4,736.90","","","","","","","","","4,587.80",""
"CX952/XSE","Color Laser","1365934","5,527.72","","","","","","","","","5,429.94",""
"CX953/SE","Color Laser","1365935","5,032.04","","","","","","","","","5,171.31",""
"CX953/XSE","Color Laser","1365936","5,977.99","","","","","","","","","6,013.45",""
"CX961/SE","Color Laser","1362085","","","","","","","","","","4,204.13",""
"CX961/TSE","Color Laser","1362086","5,413.67","","","4,194.34","","","","","","4,906.24",""
"CX962/SE","Color Laser","1362087","","","","","","","","","","4,716.23",""
"CX962/TSE","Color Laser","1362088","5,679.54","","","4,751.95","","","","","","5,418.09",""
"CX963/SE","Color Laser","1362089","","","","","","","","","","5,298.84",""
"CX963/XSE","Color Laser","1362090","6,121.17","","","4,895.17","","","","","3,173.30","6,141.33",""
"DM-A3DEL","Delivery Fee","1332275","","","","","","","","","","480.00",""
"DM-A4DEL","Delivery Fee","1332274","","","","","","","","","","225.00",""
"DM-LP1DEL","Delivery Fee","1342763","","","","","","","","","","","810.00"
"DM-LP2DEL","Delivery Fee","1342764","","","","","","","","","","","940.00"
"DM-LP3DEL","Delivery Fee","1342765","","","","","","","","","","","1,250.00"
"DMPCTLPK","Accessories","1342707","2,546.00","","","2,606.42","","","","","","2,660.11",""
"DM-SPLITDEL","Delivery Fee","1360749","","","","","","","","","","115.00",""
"EC8056/H2","Color Laser","1332305","","","","","","","","","","4,639.96",""
"HCMFPANALYST","Service Plan","1346748","","","","","","","","","","397.64",""
"INTEGEFI","Accessories","1323445","6,011.22","","","","","","","","","",""
"INTFIERYANLYST","Service Plan","1342622","","","","","","","","","","978.93",""
"INTFIERYTRN","Service Plan","1342623","","","","","","","","","","792.41",""
"INTGCLRSVRANLYST","Service Plan","1342624","","","","","","","","","","656.10",""
"INTGCLRSVRTRN","Service Plan","1342625","","","","","","","","","","785.33",""
"INTGFIERY","Accessories","1342651","6,086.57","","","5,784.51","6,297.17","","","","","6,329.96",""
"IPDSSWCS","Service Plan","1351323","","","","","","","","","","1,324.70",""
"IPDSSWTRN","Service Plan","1351324","","","","","","","","","","662.35",""
"MX951/SE","Mono Laser","1365937","1,906.81","","","","","","","","","3,359.72",""
"MX951/XSE","Mono Laser","1365938","2,854.34","","","","","","","","","4,115.76",""
"MX953/SE","Mono Laser","1362091","","","","","","","","","","4,071.22",""
"MX953/XSE","Mono Laser","1362092","5,416.70","","","4,781.88","","","","","","4,913.71",""
"PDSERIESTRN","Service Plan","1348799","","","","","","","","","","993.53",""
"PFIERYANLYST","Service Plan","1348800","","","","","","","","","","1,483.27",""
"PFIERYTRN","Service Plan","1348801","","","","","","","","","","1,235.38",""
"PROFIERSVRTRN","Service Plan","1342626","","","","","","","","","","1,319.28",""
"PROFIERYANALYST","Service Plan","1342627","","","","","","","","","","1,324.55",""
"PSERIEANLYST","Service Plan","1348802","","","","","","","","","","993.53",""
"PX300/ENG","Mono Laser","1361446","","","","14,954.06","","","","","","","14,250.58"
"PX300INANLYST","Service Plan","1361861","","","","","","","","","","1,490.29",""
"PX300INTG","Accessories","1361281","","","","6,345.12","","","","","","6,165.09","6,047.20"
"PX300INTRN","Service Plan","1361862","","","","","","","","","","662.35",""
"PX300STANLYST","Service Plan","1361863","","","","","","","","","","1,490.29",""
"PX300STND","Accessories","1361283","","","","10,538.41","","","","","","10,238.72","10,042.95"
"PX300STTRN","Service Plan","1361864","","","","","","","","","","993.53",""
"PX500/ENG","Mono Laser","1361602","","","","","","","","","","","40,838.64"
"PX500PRM","Accessories","1361285","","","","","","","","","","44,053.40","43,211.04"
"PX500PRMANYLST","Service Plan","1361865","","","","","","","","","","3,311.76",""
"PX500PRMTRN","Service Plan","1361866","","","","","","","","","","1,655.88",""
"PX500PRO","Accessories","1361287","","","","","","","","","","19,371.32","19,000.91"
"PX500PROANYLST","Service Plan","1361867","","","","","","","","","","3,311.76",""
"PX500PROTRN","Service Plan","1361868","","","","","","","","","","1,655.88",""
"STNDFIERY","Accessories","1342652","10,101.54","","","10,501.53","10,210.17","","","","","9,995.73",""
"V180EFIANLYST","Service Plan","1348991","","","","","","","","","","969.24",""
"V180EFITRN","Service Plan","1348992","","","","","","","","","","974.21",""
"V180EXBANLYST","Service Plan","1348993","","","","","","","","","","1,312.20",""
"V180EXBTRN","Service Plan","1348994","","","","","","","","","","1,530.91",""
"V180EXPANLYST","Service Plan","1348995","","","","","","","","","","1,312.20",""
"V180EXPTRN","Service Plan","1348996","","","","","","","","","","1,530.91",""
"V280INANLYST","Service Plan","1348997","","","","","","","","","","978.47",""
"V280INTRN","Service Plan","1348998","","","","","","","","","","983.49",""
"V280STANLYST","Service Plan","1348999","","","","","","","","","","1,324.70",""
"V280STTRN","Service Plan","1349000","","","","","","","","","","1,545.49",""
"V41NXPREMANYLST","Service Plan","1349001","","","","","","","","","","4,636.46",""
"V41NXPREMTRN","Service Plan","1349002","","","","","","","","","","3,833.61",""
"V41NXPROANYLST","Service Plan","1349003","","","","","","","","","","4,470.87",""
"V41NXPROTRN","Service Plan","1349004","","","","","","","","","","3,693.11",""
"VCMYKTRN","Service Plan","1349005","","","","","","","","","","561.64",""
"VS280INTG","Accessories","1349045","","","","5,145.14","","","","","","5,886.35",""
"VS4100","Color Laser","1348971","","","","41,373.62","","","","","","","40,626.29"
"VS41NXPRM","Accessories","1349047","","","","30,914.73","","","","","","38,541.73",""
"VS41NXPRO","Accessories","1349048","","","","16,104.89","","","","","","20,078.15",""
